{"RuleTriggered": 0, "Violations": 142, "Details": {"low_gpu_utilization": 924, "bottlenecks": {"1645304231.620604": {"GPUs": 1, "CPUs": 3}, "1645304232.120626": {"GPUs": 1, "CPUs": 3}, "1645304232.620606": {"GPUs": 1, "CPUs": 3}, "1645304233.120597": {"GPUs": 1, "CPUs": 3}, "1645304233.620596": {"GPUs": 1, "CPUs": 3}, "1645304234.12061": {"GPUs": 1, "CPUs": 2}, "1645304235.120589": {"GPUs": 1, "CPUs": 3}, "1645304235.620597": {"GPUs": 1, "CPUs": 2}, "1645304236.12062": {"GPUs": 1, "CPUs": 3}, "1645304236.620589": {"GPUs": 1, "CPUs": 3}, "1645304237.12059": {"GPUs": 1, "CPUs": 3}, "1645304237.620594": {"GPUs": 1, "CPUs": 3}, "1645304238.120629": {"GPUs": 1, "CPUs": 3}, "1645304246.620596": {"GPUs": 1, "CPUs": 1}, "1645304247.120616": {"GPUs": 1, "CPUs": 1}, "1645304247.620564": {"GPUs": 1, "CPUs": 1}, "1645304248.121436": {"GPUs": 1, "CPUs": 2}, "1645304248.620601": {"GPUs": 1, "CPUs": 2}, "1645304249.120609": {"GPUs": 1, "CPUs": 2}, "1645304255.120595": {"GPUs": 1, "CPUs": 2}, "1645304256.120613": {"GPUs": 1, "CPUs": 1}, "1645304256.620582": {"GPUs": 1, "CPUs": 1}, "1645304257.120602": {"GPUs": 1, "CPUs": 3}, "1645304257.620612": {"GPUs": 1, "CPUs": 2}, "1645304258.120609": {"GPUs": 1, "CPUs": 2}, "1645304258.620589": {"GPUs": 1, "CPUs": 2}, "1645304272.620585": {"GPUs": 1, "CPUs": 1}, "1645304273.120595": {"GPUs": 1, "CPUs": 1}, "1645304275.620658": {"GPUs": 1, "CPUs": 1}, "1645304276.120607": {"GPUs": 1, "CPUs": 1}, "1645304276.620588": {"GPUs": 1, "CPUs": 2}, "1645304277.12059": {"GPUs": 1, "CPUs": 2}, "1645304277.620594": {"GPUs": 1, "CPUs": 1}, "1645304278.120646": {"GPUs": 1, "CPUs": 1}, "1645304278.620594": {"GPUs": 1, "CPUs": 2}, "1645304279.120643": {"GPUs": 1, "CPUs": 1}, "1645304279.620599": {"GPUs": 1, "CPUs": 1}, "1645304280.120626": {"GPUs": 1, "CPUs": 1}, "1645304280.620593": {"GPUs": 1, "CPUs": 1}, "1645304292.62137": {"GPUs": 1, "CPUs": 1}, "1645304293.120593": {"GPUs": 1, "CPUs": 1}, "1645304298.120595": {"GPUs": 1, "CPUs": 1}, "1645304298.620591": {"GPUs": 1, "CPUs": 1}, "1645304299.12061": {"GPUs": 1, "CPUs": 1}, "1645304299.620586": {"GPUs": 1, "CPUs": 1}, "1645304301.091951": {"GPUs": 1, "CPUs": 2}, "1645304301.120598": {"GPUs": 1, "CPUs": 2}, "1645304301.620579": {"GPUs": 1, "CPUs": 2}, "1645304302.120595": {"GPUs": 1, "CPUs": 1}, "1645304302.620596": {"GPUs": 1, "CPUs": 1}, "1645304303.120592": {"GPUs": 1, "CPUs": 1}, "1645304303.620617": {"GPUs": 1, "CPUs": 1}, "1645304304.120582": {"GPUs": 1, "CPUs": 1}, "1645304304.620545": {"GPUs": 1, "CPUs": 1}, "1645304317.620637": {"GPUs": 1, "CPUs": 1}, "1645304318.121881": {"GPUs": 1, "CPUs": 1}, "1645304318.621436": {"GPUs": 1, "CPUs": 2}, "1645304319.120601": {"GPUs": 1, "CPUs": 2}, "1645304319.620601": {"GPUs": 1, "CPUs": 2}, "1645304320.12071": {"GPUs": 1, "CPUs": 2}, "1645304320.620573": {"GPUs": 1, "CPUs": 2}, "1645304321.120608": {"GPUs": 1, "CPUs": 2}, "1645304321.620612": {"GPUs": 1, "CPUs": 2}, "1645304322.120585": {"GPUs": 1, "CPUs": 1}, "1645304322.620589": {"GPUs": 1, "CPUs": 2}, "1645304323.120593": {"GPUs": 1, "CPUs": 1}, "1645304323.620602": {"GPUs": 1, "CPUs": 2}, "1645304324.120591": {"GPUs": 1, "CPUs": 2}, "1645304324.62059": {"GPUs": 1, "CPUs": 2}, "1645304325.120593": {"GPUs": 1, "CPUs": 1}, "1645304359.120598": {"GPUs": 1, "CPUs": 1}, "1645304374.620599": {"GPUs": 1, "CPUs": 1}, "1645304391.120694": {"GPUs": 1, "CPUs": 1}, "1645304392.620605": {"GPUs": 1, "CPUs": 1}, "1645304393.120618": {"GPUs": 1, "CPUs": 1}, "1645304393.620605": {"GPUs": 1, "CPUs": 1}, "1645304394.120597": {"GPUs": 1, "CPUs": 1}, "1645304394.620605": {"GPUs": 1, "CPUs": 1}, "1645304395.120585": {"GPUs": 1, "CPUs": 1}, "1645304395.6206": {"GPUs": 1, "CPUs": 1}, "1645304396.120636": {"GPUs": 1, "CPUs": 2}, "1645304397.120613": {"GPUs": 1, "CPUs": 1}, "1645304397.620626": {"GPUs": 1, "CPUs": 1}, "1645304399.120608": {"GPUs": 1, "CPUs": 1}, "1645304400.120576": {"GPUs": 1, "CPUs": 1}, "1645304400.620625": {"GPUs": 1, "CPUs": 1}, "1645304401.120599": {"GPUs": 1, "CPUs": 1}, "1645304405.620617": {"GPUs": 1, "CPUs": 1}, "1645304406.620601": {"GPUs": 1, "CPUs": 1}, "1645304407.121015": {"GPUs": 1, "CPUs": 1}, "1645304408.120589": {"GPUs": 1, "CPUs": 1}, "1645304408.620623": {"GPUs": 1, "CPUs": 1}, "1645304409.120584": {"GPUs": 1, "CPUs": 1}, "1645304409.620632": {"GPUs": 1, "CPUs": 1}, "1645304410.120585": {"GPUs": 1, "CPUs": 1}, "1645304410.620581": {"GPUs": 1, "CPUs": 2}, "1645304411.120606": {"GPUs": 1, "CPUs": 2}, "1645304411.620601": {"GPUs": 1, "CPUs": 2}, "1645304412.620602": {"GPUs": 1, "CPUs": 1}, "1645304413.120604": {"GPUs": 1, "CPUs": 1}, "1645304413.620599": {"GPUs": 1, "CPUs": 1}, "1645304414.120615": {"GPUs": 1, "CPUs": 1}, "1645304414.62059": {"GPUs": 1, "CPUs": 1}, "1645304415.120614": {"GPUs": 1, "CPUs": 2}, "1645304415.620629": {"GPUs": 1, "CPUs": 1}, "1645304416.120615": {"GPUs": 1, "CPUs": 1}, "1645304416.620603": {"GPUs": 1, "CPUs": 1}, "1645304417.120609": {"GPUs": 1, "CPUs": 1}, "1645304417.620605": {"GPUs": 1, "CPUs": 1}, "1645304418.1206": {"GPUs": 1, "CPUs": 2}, "1645304418.620603": {"GPUs": 1, "CPUs": 1}, "1645304419.120626": {"GPUs": 1, "CPUs": 1}, "1645304419.620633": {"GPUs": 1, "CPUs": 1}, "1645304420.120582": {"GPUs": 1, "CPUs": 1}, "1645304420.620585": {"GPUs": 1, "CPUs": 1}, "1645304421.120598": {"GPUs": 1, "CPUs": 2}, "1645304421.620601": {"GPUs": 1, "CPUs": 1}, "1645304422.120619": {"GPUs": 1, "CPUs": 2}, "1645304422.62062": {"GPUs": 1, "CPUs": 1}, "1645304423.120617": {"GPUs": 1, "CPUs": 2}, "1645304423.620604": {"GPUs": 1, "CPUs": 1}, "1645304424.120586": {"GPUs": 1, "CPUs": 1}, "1645304424.620619": {"GPUs": 1, "CPUs": 2}, "1645304425.620611": {"GPUs": 1, "CPUs": 1}, "1645304426.121116": {"GPUs": 1, "CPUs": 2}, "1645304427.120631": {"GPUs": 1, "CPUs": 1}, "1645304427.620606": {"GPUs": 1, "CPUs": 1}, "1645304428.620622": {"GPUs": 1, "CPUs": 1}, "1645304429.120618": {"GPUs": 1, "CPUs": 2}, "1645304429.620691": {"GPUs": 1, "CPUs": 1}, "1645304430.620601": {"GPUs": 1, "CPUs": 1}, "1645304431.120595": {"GPUs": 1, "CPUs": 2}, "1645304431.620617": {"GPUs": 1, "CPUs": 1}, "1645304432.120616": {"GPUs": 1, "CPUs": 1}, "1645304433.120587": {"GPUs": 1, "CPUs": 1}, "1645304433.621263": {"GPUs": 1, "CPUs": 1}, "1645304434.120646": {"GPUs": 1, "CPUs": 1}, "1645304434.621165": {"GPUs": 1, "CPUs": 1}, "1645304435.12091": {"GPUs": 1, "CPUs": 1}, "1645304435.620696": {"GPUs": 1, "CPUs": 1}, "1645304519.62062": {"GPUs": 1, "CPUs": 1}, "1645304520.620641": {"GPUs": 1, "CPUs": 1}}}, "Datapoints": 1304, "RuleParameters": "threshold:50\nio_threshold:50\ngpu_threshold:10\npatience:1000"}